<?xml version="1.0" encoding="utf-8" ?>
<Patch>
	
<!-- ====== Compatability Patch ==================== -->
	
		<Operation Class="PatchOperationFindMod">
     		<mods>
        		<li>RimCuisine 1.0</li>
     		</mods>
			<match Class="PatchOperationSequence">
			<success>Always</success>
			<operations>
				<li Class="PatchOperationConditional">
            		<xpath>/Defs/RecipeDef[defName="MakeSSBlitz_Zest"]/ingredients/li[2]/filter/categories</xpath>
					<match Class="PatchOperationAdd">
						<xpath>/Defs/RecipeDef[defName="MakeSSBlitz_Zest"]/ingredients/li[2]/filter/categories</xpath>
						<value>
							<li>FruitRaw</li>
						</value>
					</match>
					<nomatch Class="PatchOperationAdd">
						<xpath>/Defs/RecipeDef[defName="MakeSSBlitz_Zest"]/ingredients/li[2]/filter</xpath>
						<value>
							<categories>
								<li>FruitRaw</li>
							</categories>
						</value>
					</nomatch>
				</li>
				<li Class="PatchOperationConditional">
					<xpath>/Defs/RecipeDef[defName="MakeSSBlitz_Zest"]/fixedIngredientFilter/categories</xpath>
					<match Class="PatchOperationAdd">
						<xpath>/Defs/RecipeDef[defName="MakeSSBlitz_Zest"]/fixedIngredientFilter/categories</xpath>
						<value>
							<li>FruitRaw</li>
						</value>
					</match>
					<nomatch Class="PatchOperationAdd">
						<xpath>/Defs/RecipeDef[defName="MakeSSBlitz_Zest"]/fixedIngredientFilter</xpath>
						<value>
							<categories>
								<li>FruitRaw</li>							
							</categories>
						</value>
					</nomatch>
				</li>
				<li Class="PatchOperationConditional">
            		<xpath>/Defs/RecipeDef[defName="MakeBulkSSBlitz_Zest"]/ingredients/li[2]/filter/categories</xpath>
					<match Class="PatchOperationAdd">
						<xpath>/Defs/RecipeDef[defName="MakeSSBlitz_Zest"]/ingredients/li[2]/filter/categories</xpath>
						<value>
							<li>FruitRaw</li>
						</value>
					</match>
					<nomatch Class="PatchOperationAdd">
						<xpath>/Defs/RecipeDef[defName="MakeBulkSSBlitz_Zest"]/ingredients/li[2]/filter</xpath>
						<value>
							<categories>
								<li>FruitRaw</li>
							</categories>
						</value>
					</nomatch>
				</li>
				<li Class="PatchOperationConditional">
					<xpath>/Defs/RecipeDef[defName="MakeBulkSSBlitz_Zest"]/fixedIngredientFilter/categories</xpath>
					<match Class="PatchOperationAdd">
						<xpath>/Defs/RecipeDef[defName="MakeBulkSSBlitz_Zest"]/fixedIngredientFilter/categories</xpath>
						<value>
							<li>FruitRaw</li>
						</value>
					</match>
					<nomatch Class="PatchOperationAdd">
						<xpath>/Defs/RecipeDef[defName="MakeBulkSSBlitz_Zest"]/fixedIngredientFilter</xpath>
						<value>
							<categories>
								<li>FruitRaw</li>							
							</categories>
						</value>
					</nomatch>
				</li>
				<li Class="PatchOperationConditional">
					<xpath>/Defs/RecipeDef[defName="MakeSSVape_Fruity"]/ingredients/li[4]/filter/categories</xpath>
					<match Class="PatchOperationAdd">
						<xpath>/Defs/RecipeDef[defName="MakeSSVape_Fruity"]/ingredients/li[4]/filter/categories</xpath>
						<value>
							<li>FruitRaw</li>
						</value>
					</match>
					<nomatch Class="PatchOperationAdd">
						<xpath>/Defs/RecipeDef[defName="MakeSSVape_Fruity"]/ingredients/li[4]/filter</xpath>
						<value>
							<categories>
								<li>FruitRaw</li>							
							</categories>
						</value>
					</nomatch>
				</li>
				<li Class="PatchOperationConditional">
					<xpath>/Defs/RecipeDef[defName="MakeSSVape_Fruity"]/fixedIngredientFilter/categories</xpath>
					<match Class="PatchOperationAdd">
						<xpath>/Defs/RecipeDef[defName="MakeSSVape_Fruity"]/fixedIngredientFilter/categories</xpath>
						<value>
							<li>FruitRaw</li>
						</value>
					</match>
					<nomatch Class="PatchOperationAdd">
						<xpath>/Defs/RecipeDef[defName="MakeSSVape_Fruity"]/fixedIngredientFilter</xpath>
						<value>
							<categories>
								<li>FruitRaw</li>							
							</categories>
						</value>
					</nomatch>
				</li>
				<li Class="PatchOperationConditional">
					<xpath>/Defs/RecipeDef[defName="MakeBulkSSVape_Fruity"]/ingredients/li[4]/filter/categories</xpath>
					<match Class="PatchOperationAdd">
						<xpath>/Defs/RecipeDef[defName="MakeBulkSSVape_Fruity"]/ingredients/li[4]/filter/categories</xpath>
						<value>
							<li>FruitRaw</li>
						</value>
					</match>
					<nomatch Class="PatchOperationAdd">
						<xpath>/Defs/RecipeDef[defName="MakeBulkSSVape_Fruity"]/ingredients/li[4]/filter</xpath>
						<value>
							<categories>
								<li>FruitRaw</li>							
							</categories>
						</value>
					</nomatch>
				</li>
				<li Class="PatchOperationConditional">
					<xpath>/Defs/RecipeDef[defName="MakeBulkSSVape_Fruity"]/fixedIngredientFilter/categories</xpath>
					<match Class="PatchOperationAdd">
						<xpath>/Defs/RecipeDef[defName="MakeBulkSSVape_Fruity"]/fixedIngredientFilter/categories</xpath>
						<value>
							<li>FruitRaw</li>
						</value>
					</match>
					<nomatch Class="PatchOperationAdd">
						<xpath>/Defs/RecipeDef[defName="MakeBulkSSVape_Fruity"]/fixedIngredientFilter</xpath>
						<value>
							<categories>
								<li>FruitRaw</li>							
							</categories>
						</value>
					</nomatch>
				</li>
				<li Class="PatchOperationConditional">
					<xpath>/Defs/RecipeDef[defName="MakeSSVaperRefillFruity"]/ingredients/li[4]/filter/categories</xpath>
					<match Class="PatchOperationAdd">
						<xpath>/Defs/RecipeDef[defName="MakeSSVaperRefillFruity"]/ingredients/li[4]/filter/categories</xpath>
						<value>
							<li>FruitRaw</li>
						</value>
					</match>
					<nomatch Class="PatchOperationAdd">
						<xpath>/Defs/RecipeDef[defName="MakeSSVaperRefillFruity"]/ingredients/li[4]/filter</xpath>
						<value>
							<categories>
								<li>FruitRaw</li>							
							</categories>
						</value>
					</nomatch>
				</li>
				<li Class="PatchOperationConditional">
					<xpath>/Defs/RecipeDef[defName="MakeSSVaperRefillFruity"]/fixedIngredientFilter/categories</xpath>
					<match Class="PatchOperationAdd">
						<xpath>/Defs/RecipeDef[defName="MakeSSVaperRefillFruity"]/fixedIngredientFilter/categories</xpath>
						<value>
							<li>FruitRaw</li>
						</value>
					</match>
					<nomatch Class="PatchOperationAdd">
						<xpath>/Defs/RecipeDef[defName="MakeSSVaperRefillFruity"]/fixedIngredientFilter</xpath>
						<value>
							<categories>
								<li>FruitRaw</li>							
							</categories>
						</value>
					</nomatch>
				</li>
				<li Class="PatchOperationConditional">
            		<xpath>/Defs/ThingDef[defName="SSMushSoup"]/thingCategories</xpath>
					<match Class="PatchOperationReplace">
						<xpath>/Defs/ThingDef[defName="SSMushSoup"]/thingCategories</xpath>
            			<value>
    						<thingCategories Inherit="false">
      							<li>FoodMealsJoy</li>
    						</thingCategories>
            			</value>
					</match>
					<nomatch Class="PatchOperationAdd">
						<xpath>/Defs/ThingDef[defName="SSMushSoup"]</xpath>
						<value>
    						<thingCategories Inherit="false">
      							<li>FoodMealsJoy</li>
    						</thingCategories>
            			</value>
					</nomatch>
				</li>
				<li Class="PatchOperationConditional">
					<xpath>/Defs/RecipeDef[defName="CookSSMushSoup"]/ingredients/li[1]/filter/thingDefs</xpath>
					<match Class="PatchOperationAdd">
						<xpath>/Defs/RecipeDef[defName="CookSSMushSoup"]/ingredients/li[1]/filter/thingDefs</xpath>
						<value>
							<li>RawTruffles</li>
						</value>
					</match>
					<nomatch Class="PatchOperationAdd">
						<xpath>/Defs/RecipeDef[defName="CookSSMushSoup"]/ingredients/li[1]/filter</xpath>
						<value>
							<thingDefs>
								<li>RawTruffles</li>							
							</thingDefs>
						</value>
					</nomatch>
				</li>
				<li Class="PatchOperationConditional">
					<xpath>/Defs/RecipeDef[defName="CookSSMushSoup"]/fixedIngredientFilter/thingDefs</xpath>
					<match Class="PatchOperationAdd">
						<xpath>/Defs/RecipeDef[defName="CookSSMushSoup"]/fixedIngredientFilter/thingDefs</xpath>
						<value>
							<li>RawTruffles</li>
						</value>
					</match>
					<nomatch Class="PatchOperationAdd">
						<xpath>/Defs/RecipeDef[defName="CookSSMushSoup"]/fixedIngredientFilter</xpath>
						<value>
							<thingDefs>
								<li>RawTruffles</li>							
							</thingDefs>
						</value>
					</nomatch>
				</li>
				<li Class="PatchOperationConditional">
					<xpath>/Defs/RecipeDef[defName="CookBulkSSMushSoup"]/ingredients/li[1]/filter/thingDefs</xpath>
					<match Class="PatchOperationAdd">
						<xpath>/Defs/RecipeDef[defName="CookBulkSSMushSoup"]/ingredients/li[1]/filter/thingDefs</xpath>
						<value>
							<li>RawTruffles</li>
						</value>
					</match>
					<nomatch Class="PatchOperationAdd">
						<xpath>/Defs/RecipeDef[defName="CookBulkSSMushSoup"]/ingredients/li[1]/filter</xpath>
						<value>
							<thingDefs>
								<li>RawTruffles</li>							
							</thingDefs>
						</value>
					</nomatch>
				</li>
				<li Class="PatchOperationConditional">
					<xpath>/Defs/RecipeDef[defName="CookBulkSSMushSoup"]/fixedIngredientFilter/thingDefs</xpath>
					<match Class="PatchOperationAdd">
						<xpath>/Defs/RecipeDef[defName="CookBulkSSMushSoup"]/fixedIngredientFilter/thingDefs</xpath>
						<value>
							<li>RawTruffles</li>
						</value>
					</match>
					<nomatch Class="PatchOperationAdd">
						<xpath>/Defs/RecipeDef[defName="CookBulkSSMushSoup"]/fixedIngredientFilter</xpath>
						<value>
							<thingDefs>
								<li>RawTruffles</li>							
							</thingDefs>
						</value>
					</nomatch>
				</li>
				<li Class="PatchOperationConditional">
					<xpath>Defs/RecipeDef[defName="MakeSSGlucose"]/ingredients/li[2]/filter/thingDefs</xpath>
					<match Class="PatchOperationAdd">
						<xpath>Defs/RecipeDef[defName="MakeSSGlucose"]/ingredients/li[2]/filter/thingDefs</xpath>
						<value>
							<li>RawWheat</li>
							<li>RawSugarcane</li>
							<li>RawQuinoa</li>
							<li>RawBarley</li>
						</value>
					</match>
					<nomatch Class="PatchOperationAdd">
						<xpath>Defs/RecipeDef[defName="MakeSSGlucose"]/ingredients/li[2]/filter</xpath>
						<value>
							<thingDefs>
							<li>RawWheat</li>
							<li>RawSugarcane</li>
							<li>RawQuinoa</li>
							<li>RawBarley</li>							
							</thingDefs>
						</value>
					</nomatch>
				</li>
				<li Class="PatchOperationConditional">
					<xpath>Defs/RecipeDef[defName="MakeSSGlucose"]/fixedIngredientFilter/thingDefs</xpath>
					<match Class="PatchOperationAdd">
						<xpath>Defs/RecipeDef[defName="MakeSSGlucose"]/fixedIngredientFilter/thingDefs</xpath>
						<value>
							<li>RawWheat</li>
							<li>RawSugarcane</li>
							<li>RawQuinoa</li>
							<li>RawBarley</li>
						</value>
					</match>
					<nomatch Class="PatchOperationAdd">
						<xpath>Defs/RecipeDef[defName="MakeSSGlucose"]/fixedIngredientFilter</xpath>
						<value>
							<thingDefs>
							<li>RawWheat</li>
							<li>RawSugarcane</li>
							<li>RawQuinoa</li>
							<li>RawBarley</li>						
							</thingDefs>
						</value>
					</nomatch>
				</li>
				<li Class="PatchOperationConditional">
					<xpath>/Defs/ThingDef[defName="SSGlucose"]/thingCategories</xpath>
					<match Class="PatchOperationAdd">
						<xpath>/Defs/ThingDef[defName="SSGlucose"]/thingCategories</xpath>
						<value>
							<li>SweetsProcessed</li>
						</value>
					</match>
					<nomatch Class="PatchOperationAdd">
						<xpath>/Defs/ThingDef[defName="SSGlucose"]</xpath>
						<value>
							<thingCategories>
								<li>SweetsProcessed</li>
							</thingCategories>
						</value>
					</nomatch>
				</li>
				<li Class="PatchOperationConditional">
					<xpath>Defs/RecipeDef[defName="MakeSSAnimalTreats"]/ingredients/li[2]/filter/categories</xpath>
					<match Class="PatchOperationAdd">
						<xpath>Defs/RecipeDef[defName="MakeSSAnimalTreats"]/ingredients/li[2]/filter/categories</xpath>
						<value>
							<li>SweetsRaw</li>
							<li>SweetsProcessed</li>
						</value>
					</match>
					<nomatch Class="PatchOperationAdd">
						<xpath>Defs/RecipeDef[defName="MakeSSAnimalTreats"]/ingredients/li[2]/filter</xpath>
						<value>
							<categories>
							<li>SweetsRaw</li>
							<li>SweetsProcessed</li>						
							</categories>
						</value>
					</nomatch>
				</li>
				<li Class="PatchOperationConditional">
					<xpath>Defs/RecipeDef[defName="MakeSSAnimalTreats"]/fixedIngredientFilter/categories</xpath>
					<match Class="PatchOperationAdd">
						<xpath>Defs/RecipeDef[defName="MakeSSAnimalTreats"]/fixedIngredientFilter/categories</xpath>
						<value>
							<li>SweetsRaw</li>
							<li>SweetsProcessed</li>
						</value>
					</match>
					<nomatch Class="PatchOperationAdd">
						<xpath>Defs/RecipeDef[defName="MakeSSAnimalTreats"]/fixedIngredientFilter</xpath>
						<value>
							<categories>
							<li>SweetsRaw</li>
							<li>SweetsProcessed</li>						
							</categories>
						</value>
					</nomatch>
				</li>
				<li Class="PatchOperationConditional">
					<xpath>Defs/RecipeDef[defName="MakeSSPowerBar" or defName="MakeBulkSSPowerBar"]/ingredients/li[2]/filter/categories</xpath>
					<match Class="PatchOperationAdd">
						<xpath>Defs/RecipeDef[defName="MakeSSPowerBar" or defName="MakeBulkSSPowerBar"]/ingredients/li[2]/filter/categories</xpath>
						<value>
							<li>SweetsRaw</li>
							<li>SweetsProcessed</li>
						</value>
					</match>
					<nomatch Class="PatchOperationAdd">
						<xpath>Defs/RecipeDef[defName="MakeSSPowerBar" or defName="MakeBulkSSPowerBar"]/ingredients/li[2]/filter</xpath>
						<value>
							<categories>
							<li>SweetsRaw</li>
							<li>SweetsProcessed</li>						
							</categories>
						</value>
					</nomatch>
				</li>
				<li Class="PatchOperationConditional">
					<xpath>Defs/RecipeDef[defName="MakeSSPowerBar" or defName="MakeBulkSSPowerBar"]/fixedIngredientFilter/categories</xpath>
					<match Class="PatchOperationAdd">
						<xpath>Defs/RecipeDef[defName="MakeSSPowerBar" or defName="MakeBulkSSPowerBar"]/fixedIngredientFilter/categories</xpath>
						<value>
							<li>SweetsRaw</li>
							<li>SweetsProcessed</li>
						</value>
					</match>
					<nomatch Class="PatchOperationAdd">
						<xpath>Defs/RecipeDef[defName="MakeSSPowerBar" or defName="MakeBulkSSPowerBar"]/fixedIngredientFilter</xpath>
						<value>
							<categories>
							<li>SweetsRaw</li>
							<li>SweetsProcessed</li>						
							</categories>
						</value>
					</nomatch>
				</li>
				<li Class="PatchOperationConditional">
					<xpath>Defs/RecipeDef[defName="MakeSSPowerBar" or defName="MakeBulkSSPowerBar"]/ingredients/li[5]/filter/categories</xpath>
					<match Class="PatchOperationAdd">
						<xpath>Defs/RecipeDef[defName="MakeSSPowerBar" or defName="MakeBulkSSPowerBar"]/ingredients/li[5]/filter/categories</xpath>
						<value>
							<li>FruitRaw</li>
							<li>FruitProcessed</li>
						</value>
					</match>
					<nomatch Class="PatchOperationAdd">
						<xpath>Defs/RecipeDef[defName="MakeSSPowerBar" or defName="MakeBulkSSPowerBar"]/ingredients/li[5]/filter</xpath>
						<value>
							<categories>
							<li>FruitRaw</li>
							<li>FruitProcessed</li>						
							</categories>
						</value>
					</nomatch>
				</li>
				<li Class="PatchOperationConditional">
					<xpath>Defs/RecipeDef[defName="MakeSSPowerBar" or defName="MakeBulkSSPowerBar"]/fixedIngredientFilter/categories</xpath>
					<match Class="PatchOperationAdd">
						<xpath>Defs/RecipeDef[defName="MakeSSPowerBar" or defName="MakeBulkSSPowerBar"]/fixedIngredientFilter/categories</xpath>
						<value>
							<li>FruitRaw</li>
							<li>FruitProcessed</li>
						</value>
					</match>
					<nomatch Class="PatchOperationAdd">
						<xpath>Defs/RecipeDef[defName="MakeSSPowerBar" or defName="MakeBulkSSPowerBar"]/fixedIngredientFilter</xpath>
						<value>
							<categories>
							<li>FruitRaw</li>
							<li>FruitProcessed</li>						
							</categories>
						</value>
					</nomatch>
				</li>
			</operations>
		</match>
	</Operation>
	
</Patch>