<?xml version="1.0" encoding="utf-8" ?>
<Patch>
	
	<Operation Class="PatchOperationFindMod">
		<mods>
			<li>Fermenter</li>
		</mods>
		<match Class="PatchOperationSequence">
			<success>Always</success>
			<operations>
				<li Class="PatchOperationAdd">
					<xpath>/Defs/RecipeDef[defName="MakeSSMilkPowder"]/ingredients/li[1]/filter/thingDefs</xpath>
					<value>
						<li>FRMT_PastMilk</li>
					</value>
				</li>
				<li Class="PatchOperationAdd">
					<xpath>/Defs/RecipeDef[defName="MakeSSMilkPowder"]/fixedIngredientFilter/thingDefs</xpath>
					<value>
						<li>FRMT_PastMilk</li>
					</value>
				</li>
				<li Class="PatchOperationAdd">
					<xpath>/Defs/RecipeDef[defName="CookSSMushSoup" or defName="CookBulkSSMushSoup"]/ingredients/li[2]/filter/thingDefs</xpath>
					<value>
						<li>FRMT_PastMilk</li>
					</value>
				</li>
				<li Class="PatchOperationAdd">
					<xpath>/Defs/RecipeDef[defName="CookSSMushSoup" or defName="CookBulkSSMushSoup"]/fixedIngredientFilter/thingDefs</xpath>
					<value>
						<li>FRMT_PastMilk</li>
					</value>
				</li>
			</operations>
		</match>
	</Operation>
	
</Patch>