<?xml version="1.0" encoding="utf-8" ?>
<Defs>
  
  <!-- ==================Blitz Drinks ================================== -->
	
	<!-- ==== Zest ==== -->
  
  <ThingDef ParentName="DrugBase">
    <defName>SSBlitz_Zest</defName>
    <label>Blitz (Zest)</label>
    <description>A psychoid infused and highly sweetened drink. This drink has a fruit flavouring. Active for about half a day.</description>
	<techLevel>Industrial</techLevel>
    <graphicData>
      <texPath>Things/Item/SSBlitz/SSBlitz_Zest</texPath>
      <graphicClass>Graphic_StackCount</graphicClass>
      <drawSize>0.9</drawSize>
    </graphicData>
	<thingCategories Inherit="false">
      		<li>SSDrugs</li>
    	</thingCategories>
    <rotatable>false</rotatable>
    <statBases>
      <WorkToMake>400</WorkToMake>
      <MarketValue>25.1</MarketValue>
      <Mass>0.4</Mass>
      <DeteriorationRate>0.5</DeteriorationRate>
    </statBases>
    <ingestible>
      <foodType>Fluid, Processed</foodType>
      <joyKind>Chemical</joyKind>
      <joy>0.08</joy>
      <baseIngestTicks>120</baseIngestTicks>
      <nurseable>false</nurseable>
      <drugCategory>Social</drugCategory>
      <ingestSound>Ingest_Drink</ingestSound>
      <ingestHoldOffsetStanding>
        <northDefault>
          <offset>(0.18,0,0)</offset>
        </northDefault>
      </ingestHoldOffsetStanding>
      <ingestHoldUsesTable>false</ingestHoldUsesTable>
      <ingestCommandString>Drink {0}</ingestCommandString>
      <ingestReportString>Drinking {0}.</ingestReportString>
	 <outcomeDoers>
        <li Class="IngestionOutcomeDoer_GiveHediff">
          <hediffDef>SSBlitz_Zest_High</hediffDef>
          <severity>0.55</severity>
		  <toleranceChemical>Psychite</toleranceChemical>
        </li>
        <li Class="IngestionOutcomeDoer_OffsetNeed">
          <need>Rest</need>
          <offset>0.55</offset>
        </li>
		 <li Class="IngestionOutcomeDoer_GiveHediff">
          <hediffDef>PsychiteTolerance</hediffDef>
          <severity>0.01</severity>
		  <divideByBodySize>true</divideByBodySize>
		</li>
      </outcomeDoers>
	  </ingestible>
	    <comps>
      <li Class="CompProperties_Drug">
        <chemical>Psychite</chemical>
        <addictiveness>0.01</addictiveness>
        <minToleranceToAddict>0.10</minToleranceToAddict>
        <existingAddictionSeverityOffset>0.15</existingAddictionSeverityOffset>
        <needLevelOffset>1</needLevelOffset>
        <listOrder>3110</listOrder>
			</li>
    </comps>
  </ThingDef>
  
    <HediffDef>
    	<defName>SSBlitz_Zest_High</defName>
    	<hediffClass>HediffWithComps</hediffClass>
    	<label>Refreshed by Blitz (Zest)</label>
		<description>Blitz Zest effect</description>
    	<labelNoun>a Blitz boost</labelNoun>
    	<defaultLabelColor>(1,0,0.5)</defaultLabelColor>
    	<scenarioCanAdd>true</scenarioCanAdd>
    	<maxSeverity>0.85</maxSeverity>
    	<isBad>false</isBad>
    	<comps>
      		<li Class="HediffCompProperties_SeverityPerDay">
        			<severityPerDay>-0.95</severityPerDay>
      		</li>
    	</comps>
      	<stages>
		<li>
			<statOffsets>
				<WorkSpeedGlobal>+0.07</WorkSpeedGlobal>
			</statOffsets>
        	<restFallFactor>0.90</restFallFactor>
			<capMods>
          		<li>
            			<capacity>Consciousness</capacity>
            			<offset>+0.04</offset>
          		</li>
			</capMods>
		</li>
      	</stages>
  	</HediffDef>
  
  <ThoughtDef>
    <defName>SSBlitz_Zest_Thought</defName>
    <workerClass>ThoughtWorker_Hediff</workerClass>
    <hediff>SSBlitz_Zest_High</hediff>
    <validWhileDespawned>true</validWhileDespawned>
    <stages>
      <li>
        <label>Blitz (Zest)</label>
        <description>Drinking Blitz is so refreshing</description>
        <baseMoodEffect>2</baseMoodEffect>
      </li>
    </stages>
  </ThoughtDef>
  
  <!-- ===================  Recipes =============================== -->
  
     <RecipeDef>
		<defName>MakeSSBlitz_Zest</defName>
		<label>Make Blitz (Zest)</label>
		<description>Prepare Blitz (Zest).</description>
		<jobString>Preparing Blitz.</jobString>
		<workSpeedStat>DrugCookingSpeed</workSpeedStat>
		<effectWorking>Cook</effectWorking>
		<soundWorking>Recipe_CookMeal</soundWorking>
		<allowMixingIngredients>true</allowMixingIngredients>
		<workAmount>400</workAmount>
		<targetCountAdjustment>1</targetCountAdjustment>
		<workSkill>Cooking</workSkill>
		<ingredients>
			<li>
				<filter>
					<thingDefs>
						<li>PsychoidLeaves</li>
					</thingDefs>
				</filter>
				<count>2</count>
			</li>
			<li>
				<filter>
					<thingDefs>
						<li>RawBerries</li>
						<li>RawAgave</li>
					</thingDefs>
				</filter>
				<count>2</count>
			</li>
			<li>
				<filter>
					<thingDefs>
						<li>MSGlycerol</li>
					</thingDefs>
				</filter>
				<count>1</count>
			</li>
			<li>
				<filter>
					<thingDefs>
						<li>Steel</li>
					</thingDefs>
				</filter>
				<count>1</count>
			</li>
		</ingredients>
		<fixedIngredientFilter>
			<thingDefs>
				<li>PsychoidLeaves</li>
				<li>RawBerries</li>
				<li>RawAgave</li>
				<li>MSGlycerol</li>
				<li>Steel</li>
			</thingDefs>
		</fixedIngredientFilter>
		<products>
			<SSBlitz_Zest>1</SSBlitz_Zest>
		</products>
		<recipeUsers>
			<li>Campfire</li>
			<li>ElectricStove</li>
			<li>FueledStove</li>
		</recipeUsers>
      	<skillRequirements>
            		<Cooking>6</Cooking>
      	</skillRequirements>
		<researchPrerequisite>SSBlitz</researchPrerequisite>
	</RecipeDef>
  
    <RecipeDef>
		<defName>MakeBulkSSBlitz_Zest</defName>
		<label>Make Blitz (Zest) in bulk</label>
		<description>Prepare 5 Blitz (Zest).</description>
		<jobString>Preparing Blitz.</jobString>
		<workSpeedStat>DrugCookingSpeed</workSpeedStat>
		<effectWorking>Cook</effectWorking>
		<soundWorking>Recipe_CookMeal</soundWorking>
		<allowMixingIngredients>true</allowMixingIngredients>
		<workAmount>1900</workAmount>
		<targetCountAdjustment>5</targetCountAdjustment>
		<workSkill>Cooking</workSkill>
		<ingredients>
			<li>
				<filter>
					<thingDefs>
						<li>PsychoidLeaves</li>
					</thingDefs>
				</filter>
				<count>10</count>
			</li>
			<li>
				<filter>
					<thingDefs>
						<li>RawBerries</li>
						<li>RawAgave</li>
					</thingDefs>
				</filter>
				<count>10</count>
			</li>
			<li>
				<filter>
					<thingDefs>
						<li>MSGlycerol</li>
					</thingDefs>
				</filter>
				<count>5</count>
			</li>
			<li>
				<filter>
					<thingDefs>
						<li>Steel</li>
					</thingDefs>
				</filter>
				<count>5</count>
			</li>
		</ingredients>
		<fixedIngredientFilter>
			<thingDefs>
				<li>PsychoidLeaves</li>
				<li>RawBerries</li>
				<li>RawAgave</li>
				<li>MSGlycerol</li>
				<li>Steel</li>
			</thingDefs>
		</fixedIngredientFilter>
		<products>
			<SSBlitz_Zest>5</SSBlitz_Zest>
		</products>
		<recipeUsers>
			<li>Campfire</li>
			<li>ElectricStove</li>
			<li>FueledStove</li>
		</recipeUsers>
      	<skillRequirements>
            		<Cooking>7</Cooking>
      	</skillRequirements>
		<researchPrerequisite>SSBlitz</researchPrerequisite>
	</RecipeDef>
	
		<!-- ==== Ice ==== -->
  
  <ThingDef ParentName="MakeableDrugBase">
    <defName>SSBlitz_Ice</defName>
    <label>Blitz (Ice)</label>
    <description>A psychoid infused and highly sweetened drink. This drink has a mint flavouring. Active for about half a day.</description>
	<techLevel>Industrial</techLevel>
    <graphicData>
      <texPath>Things/Item/SSBlitz/SSBlitz_Ice</texPath>
      <graphicClass>Graphic_StackCount</graphicClass>
      <drawSize>0.9</drawSize>
    </graphicData>
		<thingCategories Inherit="false">
      		<li>SSDrugs</li>
    	</thingCategories>
    <rotatable>false</rotatable>
    <statBases>
      <WorkToMake>400</WorkToMake>
      <MarketValue>24.5</MarketValue>
      <Mass>0.4</Mass>
      <DeteriorationRate>0.5</DeteriorationRate>
    </statBases>
    <ingestible>
      <foodType>Fluid, Processed</foodType>
      <joyKind>Chemical</joyKind>
      <joy>0.08</joy>
      <baseIngestTicks>240</baseIngestTicks>
      <nurseable>false</nurseable>
      <drugCategory>Social</drugCategory>
      <ingestSound>Ingest_Drink</ingestSound>
      <ingestHoldOffsetStanding>
        <northDefault>
          <offset>(0.18,0,0)</offset>
        </northDefault>
      </ingestHoldOffsetStanding>
      <ingestHoldUsesTable>false</ingestHoldUsesTable>
      <ingestCommandString>Drink {0}</ingestCommandString>
      <ingestReportString>Drinking {0}.</ingestReportString>
	 <outcomeDoers>
        <li Class="IngestionOutcomeDoer_GiveHediff">
          <hediffDef>SSBlitz_Ice_High</hediffDef>
          <severity>0.55</severity>
		  <toleranceChemical>Psychite</toleranceChemical>
        </li>
        <li Class="IngestionOutcomeDoer_OffsetNeed">
          <need>Rest</need>
          <offset>0.55</offset>
        </li>
		 <li Class="IngestionOutcomeDoer_GiveHediff">
          <hediffDef>PsychiteTolerance</hediffDef>
          <severity>0.01</severity>
		  <divideByBodySize>true</divideByBodySize>
		</li>
      </outcomeDoers>
	  </ingestible>
    <recipeMaker>
		<researchPrerequisite>SSBlitz</researchPrerequisite>
      <recipeUsers>
        <li>Campfire</li>
        <li>ElectricStove</li>
        <li>FueledStove</li>
      </recipeUsers>
      <workSpeedStat>DrugCookingSpeed</workSpeedStat>
      <workSkill>Cooking</workSkill>
      <skillRequirements>
        <Cooking>6</Cooking>
      </skillRequirements>
    </recipeMaker>
    <costList>
	  <PsychoidLeaves>2</PsychoidLeaves>
      <SSMintLeaves>2</SSMintLeaves>
	  <MSGlycerol>1</MSGlycerol>
	  <Steel>1</Steel>
    </costList>
	    <comps>
      <li Class="CompProperties_Drug">
        <chemical>Psychite</chemical>
        <addictiveness>0.01</addictiveness>
        <minToleranceToAddict>0.10</minToleranceToAddict>
        <existingAddictionSeverityOffset>0.15</existingAddictionSeverityOffset>
        <needLevelOffset>1</needLevelOffset>
        <listOrder>3111</listOrder>
			</li>
    </comps>
  </ThingDef>
  
      <HediffDef>
    		<defName>SSBlitz_Ice_High</defName>
    		<hediffClass>HediffWithComps</hediffClass>
    		<label>Refreshed by Blitz (Ice)</label>
			<description>Blitz Ice effect</description>
    		<labelNoun>a Blitz boost</labelNoun>
    		<defaultLabelColor>(1,0,0.5)</defaultLabelColor>
    		<scenarioCanAdd>true</scenarioCanAdd>
    		<maxSeverity>0.85</maxSeverity>
    		<isBad>false</isBad>
    		<comps>
      		<li Class="HediffCompProperties_SeverityPerDay">
        			<severityPerDay>-0.95</severityPerDay>
      		</li>
    		</comps>
      <stages>
		  <li>
				<statOffsets>
					<WorkSpeedGlobal>+0.07</WorkSpeedGlobal>
				</statOffsets>
          		<restFallFactor>0.90</restFallFactor>
		  		<capMods>
          		<li>
            			<capacity>Consciousness</capacity>
            			<offset>+0.04</offset>
          		</li>
		  		</capMods>
			</li>
      </stages>
  </HediffDef>
  
  <ThoughtDef>
    <defName>SSBlitz_Ice_Thought</defName>
    <workerClass>ThoughtWorker_Hediff</workerClass>
    <hediff>SSBlitz_Ice_High</hediff>
    <validWhileDespawned>true</validWhileDespawned>
    <stages>
      <li>
        <label>Blitz (Ice)</label>
        <description>Drinking Blitz is so refreshing</description>
        <baseMoodEffect>2</baseMoodEffect>
      </li>
    </stages>
  </ThoughtDef>
  
  <!-- =================== Bulk Recipes =============================== -->
  
    <RecipeDef>
		<defName>MakeBulkSSBlitz_Ice</defName>
		<label>Make Blitz (Ice) in bulk</label>
		<description>Prepare 5 Blitz (Ice).</description>
		<jobString>Preparing Blitz.</jobString>
		<workSpeedStat>DrugCookingSpeed</workSpeedStat>
		<effectWorking>Cook</effectWorking>
		<soundWorking>Recipe_CookMeal</soundWorking>
		<allowMixingIngredients>false</allowMixingIngredients>
		<workAmount>1900</workAmount>
		<targetCountAdjustment>5</targetCountAdjustment>
		<workSkill>Cooking</workSkill>
		<ingredients>
			<li>
				<filter>
					<thingDefs>
						<li>PsychoidLeaves</li>
					</thingDefs>
				</filter>
				<count>10</count>
			</li>
			<li>
				<filter>
					<thingDefs>
						<li>SSMintLeaves</li>
					</thingDefs>
				</filter>
				<count>10</count>
			</li>
			<li>
				<filter>
					<thingDefs>
						<li>MSGlycerol</li>
					</thingDefs>
				</filter>
				<count>5</count>
			</li>
			<li>
				<filter>
					<thingDefs>
						<li>Steel</li>
					</thingDefs>
				</filter>
				<count>5</count>
			</li>
		</ingredients>
		<fixedIngredientFilter>
			<thingDefs>
				<li>PsychoidLeaves</li>
				<li>SSMintLeaves</li>
				<li>MSGlycerol</li>
				<li>Steel</li>
			</thingDefs>
		</fixedIngredientFilter>
		<products>
			<SSBlitz_Ice>5</SSBlitz_Ice>
		</products>
		<recipeUsers>
			<li>Campfire</li>
			<li>ElectricStove</li>
			<li>FueledStove</li>
		</recipeUsers>
      	<skillRequirements>
            		<Cooking>7</Cooking>
      	</skillRequirements>
		<researchPrerequisite>SSBlitz</researchPrerequisite>
	</RecipeDef>

</Defs>
